000-0181.jpg	000
000-0184.jpg	000
000-0187.jpg	000
000-0190.jpg	000
008-5.jpg	008
011-8.jpg	011
012-9.jpg	012
014-11.jpg	014
015-12.jpg	015
016-13.jpg	016
017-14.jpg	017
018-15.jpg	018
018-16.jpg	018
027-24.jpg	027
78-nj.jpg	78@nj
air-assault-0001.jpg	Air Assault
air-assault-0002.jpg	Air Assault
air-assault-0006.jpg	Air Assault
air-assault-0010.jpg	Air Assault
air-assault-0019.jpg	Air Assault
barrett-brief.jpg	Barrett Brief
bco-hq-udari.jpg	B CO Hq Udari
dave-fred-billy.jpg	Dave,fred,billy
dsc-1409.jpg	Dsc
dsc-1413.jpg	Dsc
dsc-1421.jpg	Dsc
dsc-1422.jpg	Dsc
dsc-1423.jpg	Dsc
dsc-1424.jpg	Dsc
dsc-1427.jpg	Dsc
dsc-1431.jpg	Dsc
dsc-1433.jpg	Dsc
dsc-1439.jpg	Dsc
dsc-1441.jpg	Dsc
dsc-1443.jpg	Dsc
dsc-1445.jpg	Dsc
dsc-1447.jpg	Dsc
dsc-1449.jpg	Dsc
dsc-1463.jpg	Dsc
dsc-1469.jpg	Dsc
dsc-1472.jpg	Dsc
dsc-1474.jpg	Dsc
dsc-1476.jpg	Dsc
dsc-1505.jpg	Dsc
dsc-1529.jpg	Dsc
dsc-1533.jpg	Dsc
dsc-1537.jpg	Dsc
dsc-1540.jpg	Dsc
dsc-1543.jpg	Dsc
dsc-1547.jpg	Dsc
dsc-1549.jpg	Dsc
dsc-1550.jpg	Dsc
dsc-1551.jpg	Dsc
dsc-1560.jpg	Dsc
dsc-1562.jpg	Dsc
dsc-1564.jpg	Dsc
dsc-1571.jpg	Dsc
dsc-1578.jpg	Dsc
dsc-1579.jpg	Dsc
dsc-1582.jpg	Dsc
dsc-1583.jpg	Dsc
dsc-1584.jpg	Dsc
dsci0007.jpg	Dsci0007
dsci0038.jpg	Dsci0038
evans-and-brown.jpg	Evans & Brown
iraqi-kids.jpg	Iraqi Kids
lt-s.jpg	Lt's
me-and-my-team-in-iraq.jpg	Me And My Team In Iraq
me-in-bird.jpg	Me In Bird
moats-reading.jpg	Moats Reading
moore-in-bird-2.jpg	Moore In Bird
mosul-children.jpg	Mosul Children
promotion-day-0003.jpg	Promotion Day
promotion-day-0018.jpg	Promotion Day
shaw.jpg	Shaw
sleeping-arrangments.jpg	Sleeping Arrangments
ssg-mcmillan.jpg	SSG Mcmillan
stuff-0039.jpg	Stuff
stuff-0045.jpg	Stuff
stuff-0050.jpg	Stuff
stuff-0052.jpg	Stuff
stuff-0068.jpg	Stuff
stuff-0076.jpg	Stuff
stuff-0077.jpg	Stuff
stuff-0086.jpg	Stuff
stuff-0091.jpg	Stuff
stuff-0107.jpg	Stuff
stuff-0128.jpg	Stuff
stuff-0169.jpg	Stuff
tanks-2.jpg	Tanks
tgp-downtown-mosul.jpg	Tgp Downtown Mosul
