03extra.jpg	
10extra.jpg	
11extra.jpg	
12extra.jpg	
13extra.jpg	
14extra.jpg	
15extra.jpg	
16extra.jpg	
17extra.jpg	
18extra.jpg	
19extra.jpg	
1extra.jpg	1extra
1fun.jpg	1fun
2extra.jpg	
3extra.jpg	
4extra.jpg	
5extra.jpg	
6extra.jpg	
7extra.jpg	
8extra.jpg	
9extra.jpg	
douglas.jpg	Douglas
jj.jpg	JJ
mazariegos.jpg	Mazariegos
parker.jpg	Parker
quiles.jpg	Quiles
aguilar.jpg	Aguilar
ayala.jpg	Ayala
bell.jpg	Bell
beverly.jpg	Beverly
boss-and-lacovara.jpg	Bo & Lacovara
brownhughes.jpg	Brownhughes
brunson.jpg	Brunson
burkett.jpg	Burkett
camarse.jpg	Camarse
carabello.jpg	Carabello
carr.jpg	Carr
case.jpg	Case
cassese.jpg	Cassese
change-of-command.jpg	Change Of Command
chapman.jpg	Chapman
chase.jpg	Chase
collins.jpg	Collins
culbert.jpg	Culbert
cummings.jpg	Cummings
davis.jpg	Davis
deason-and-trout.jpg	Deason & Trout
delisi-rutledge-schmidt-carr.jpg	Delisi Rutledge Schmidt Carr
diaz-j.jpg	Diaz J
diaz-twins-14-jul.jpg	Diaz Twins 14 Jul
diazj.jpg	Diazj
enicks.jpg	Enicks
fisher.jpg	Fisher
franklin.jpg	Franklin
freeman.jpg	Freeman
fritz.jpg	Fritz
gascho.jpg	Gascho
gaunky.jpg	Gaunky
gillespie.jpg	Gillespie
gorrod.jpg	Gorrod
graves.jpg	Graves
gray.jpg	Gray
guaderrama.jpg	Guaderrama
hackney-and-therrien.jpg	Hackney & Therrien
haight.jpg	Haight
haircut.jpg	Haircut
hampton.jpg	Hampton
hannine.jpg	Hannine
hargrove.jpg	Hargrove
hernandez.jpg	Hernandez
hill.jpg	Hill
himan2.jpg	Himan2
johnson.jpg	Johnson
jones.jpg	Jones
kedjierski.jpg	Kedjierski
larcart.jpg	Larcart
ledoux.jpg	Ledoux
leverette2.jpg	Leverette2
lopez.jpg	Lopez
lts-girl.jpg	Lts Girl
marsh.jpg	Marsh
martin-dfac.jpg	Martin Dfac
marvel.jpg	Marvel
matsuzaki.jpg	Matsuzaki
matthews.jpg	Matthews
max.jpg	Max
mcleish.jpg	Mcleish
mcmillan.jpg	Mcmillan
mcvey.jpg	Mcvey
mentis-and-msg-price.jpg	Menti & MSG Price
miller-kp.jpg	Miller KP
morales.jpg	Morales
morong.jpg	Morong
munoz-aloc1.jpg	Munoz Aloc1
murray.jpg	Murray
nemier-and-riser-and-oliver.jpg	Nemier & Riser & Oliver
newsome.jpg	Newsome
nicola.jpg	Nicola
nunn.jpg	Nunn
oscar2.jpg	Oscar2
owens.jpg	Owens
p1447-501st-signal-battalion-majors-at-mosul-palace.jpg	P1447 501st Signal Battalion Majors At Mosul Palace
pacanowski.jpg	Pacanowski
patterson.jpg	Patterson
paxton-ortiz-freeman-spain.jpg	Paxton Ortiz Freeman Spain
powell.jpg	Powell
price-f.jpg	Price F
roberts.jpg	Roberts
robinson2.jpg	Robinson2
rodriguez.jpg	Rodriguez
samuels.jpg	Samuels
sumner.jpg	Sumner
warner.jpg	Warner
weber.jpg	Weber
wilson.jpg	Wilson
yates.jpg	Yates
