000-0003.jpg	000
1sg-co-wilson.jpg	1sg, CO Wilson
2-wheeled-hmmwv.jpg	2 Wheeled Hmmwv
airassaultovermosul.jpg	Airassaultovermosul
bailey-lt-melton-sand.jpg	Bailey, Lt, Melton Sand
baldwin.jpg	Baldwin
ball-vargas.jpg	Ball, Vargas
borish.jpg	Borish
bratlie-spc.jpg	Bratlie, SPC
bratton.jpg	Bratton
brown-and-p.jpg	Brown & P
brown-sgt.jpg	Brown, SGT
brown.jpg	Brown
bus-ride-to-ny.jpg	Bus Ride To Ny
buschor.jpg	Buschor
byeguys.jpg	Byeguys
c-co-motor-pool.jpg	C CO Motor Pool
canaza-dixon.jpg	Canaza, Dixon
chicken2.jpg	Chicken2
clark-and-wu.jpg	Clark & Wu
claudio-sheley-wood.jpg	Claudio, Sheley Wood
clouse.jpg	Clouse
co-1sg-geraldo.jpg	CO 1SG Geraldo
co-wilson.jpg	CO Wilson
co-sgt-baldwin.jpg	Co, SGT Baldwin
crooks-williams.jpg	Crooks, Williams
dixon-kroener-marti.jpg	Dixon, Kroener, Marti
donahue.jpg	Donahue
donahue7.jpg	Donahue7
dsc00444.jpg	
dsci0002.jpg	Dsci0002
ellis-jones-at-ny.jpg	Ellis.jones At Ny
fep.jpg	Fep
fitz-sgt.jpg	Fitz, SGT
fixing-lna.jpg	Fixing Lna
foots-kids.jpg	Foots, Kids
fugit-4.jpg	Fugit
goff-asleep.jpg	Goff Asleep
goff-lange-lee.jpg	Goff, Lange, Lee
goodman.jpg	Goodman
gordon-goodman.jpg	Gordon, Goodman
gordon-smith.jpg	Gordon, Smith
hall-blevins.jpg	Hall, Blevins
hampton.jpg	Hampton
hawkins-foots.jpg	Hawkins, Foots
hawkins.jpg	Hawkins
heilman-re-up.jpg	Heilman Re-up
hinde.jpg	Hinde
hinkle-donahue-robo.jpg	Hinkle, Donahue, Robo
hoffman.jpg	Hoffman
hooper.jpg	Hooper
hutchins.jpg	Hutchins
i-can-fix-this.jpg	I Can Fix This
jesserambo.jpg	Jesserambo
jones-r-ellis-tolbert.jpg	Jones R, Ellis, Tolbert
keller.jpg	Keller
kihleng.jpg	Kihleng
kittle-re-up.jpg	Kittle Re-up
kittle.jpg	Kittle
knight-promo5.jpg	Knight Promo5
lange.jpg	Lange
lange2.jpg	Lange2
lankford.jpg	Lankford
lee-kroener.jpg	Lee.kroener
lightfoot.jpg	Lightfoot
llamas3.jpg	Llamas3
lockett-hawkins-kids.jpg	Lockett, Hawkins, Kids
lords-ellis.jpg	Lords, Ellis
love-kelly.jpg	Love,kelly
lt-s-and-co.jpg	Lt's And CO
maher-spc.jpg	Maher, SPC
marti-spc.jpg	Marti SPC
martinez-roach.jpg	Martinez, Roach
martinez-sgt.jpg	Martinez, SGT
mcguire-spc.jpg	Mcguire, SPC
miller.jpg	Miller
mullen.jpg	Mullen
mux-spc-rutledge-sgt-lee-and-sgt-lange.jpg	Mux, SPC Rutledge, SGT Lee, And SGT Lange
mux4.jpg	Mux4
muxs.jpg	Muxs
muxsatapache.jpg	Muxsatapache
node-cable-team.jpg	Node Cable Team
node-on-plane.jpg	Node On Plane
oliver.jpg	Oliver
p1010021.jpg	
p1010128.jpg	
p5020017.jpg	
p5020018.jpg	
p5020022.jpg	
patterson.jpg	Patterson
pelkey.jpg	Pelkey
pemberton.jpg	Pemberton
photo0022.jpg	Photo0022
picture-20020-1.jpg	Picture 20020[1]
picture-20031-1.jpg	Picture 20031[1]
picture-20033-1.jpg	Picture 20033[1]
pollinger-piolet.jpg	Pollinger Piolet
pooley-threatt.jpg	Pooley, Threatt
pooley.jpg	Pooley
powell-miller-harper-parks-pemberton.jpg	Powell, Miller, Harper, Parks, Pemberton
pv2-rodgers-spc-robo-spc-tolbert.jpg	PV2 Rodgers, SPC Robo, SPC Tolbert
rak-donkey.jpg	Rak Donkey
re-up-30sep.jpg	Re-up 30sep
re-up6.jpg	Re-up6
relaxing.jpg	Relaxing
rodgersrambo.jpg	Rodgersrambo
sen.jpg	Sen
sfc-kane-2.jpg	SFC Kane
sfc-kane-on-the-shitter.jpg	SFC Kane On The Shitter
sgt-bowden.jpg	SGT Bowden
sgt-farmer.jpg	SGT Farmer
sgt-g.jpg	SGT G
sgt-lange-waveguide.jpg	SGT Lange Waveguide
sgt-lee-sgt-vargas-lt-d-at-udari.jpg	SGT Lee, SGT Vargas, LT D At Udari
sgt-pascoe-and-sgt-zurface.jpg	SGT Pascoe, And SGT Zurface
sgt-ski.jpg	SGT Ski
sgt-smith-spc-kelly.jpg	SGT Smith, SPC Kelly
sgt-vargas.jpg	SGT Vargas
sheley-gordon-foots.jpg	Sheley,gordon, Foots
shoats-wood.jpg	Shoats Wood
shoats.jpg	Shoats
ssg-austin.jpg	SSG Austin
ssg-knox.jpg	SSG Knox
stewart-burning-shit.jpg	Stewart Burning Shit
stewart-cool.jpg	Stewart Cool
team-20photo.jpg	Team 20photo
tennant.jpg	Tennant
the-atkinsons.jpg	The Atkinsons
threatt.jpg	Threatt
tolbert-robo-hawkins.jpg	Tolbert, Robo, Hawkins
w-and-w.jpg	W & W
wells.jpg	Wells
weyforth-lee.jpg	Weyforth, Lee
whitten-gentry-rangers.jpg	Whitten, Gentry (rangers)
will-and-petreaus.jpg	Will And Petreaus
will-whitten2.jpg	Will, Whitten2
will-claudio-sheley.jpg	Will,claudio,sheley
williams.jpg	Williams
wolfanger2.jpg	Wolfanger2
woolum-ski-lee.jpg	Woolum, Ski, Lee
z01.jpg	Z01
z02.jpg	Z02
