100-0051-img.jpg	
100-0077-img.jpg	
105-0528-img.jpg	
105-0532-img.jpg	
108-0826-img.jpg	
1sg-campos.jpg	1SG Campos
1sg-williams-and-cpt-caldwell.jpg	1SG Williams & CPT Caldwell
1sg-williams.jpg	1SG Williams
50-cal-sst.jpg	50 Cal SST
aco-kuwait.jpg	A CO Kuwait
aco-s-extra-duty.jpg	A Co's Extra Duty
bii-inspection-2.jpg	BII Inspection
camp-new-jersey-2.jpg	Camp New Jersey
change-of-command-2.jpg	Change Of Command
change-of-command.jpg	Change Of Command
charlies-angels.jpg	Charlies Angels
co-and-jr.jpg	CO & JR
cpl-phillips.jpg	CPL Phillips
cpt-caldwell.jpg	Cpt. Caldwell
cpt-riley.jpg	Cpt. Riley
crabtree.jpg	Crabtree
dahuk-trip.jpg	Dahuk Trip
desert-promotion.jpg	Desert Promotion
dscf0001.jpg	Dscf0001
group-pic-2.jpg	Group Pic
group-picture.jpg	Group Picture
hq-in-iraq.jpg	Hq In Iraq
joes-relax.jpg	Joes Relax
junior-003.jpg	Junior
junior-004.jpg	Junior
junior-009.jpg	Junior
junior-010.jpg	Junior
junior-011.jpg	Junior
junior-013.jpg	Junior
junior-018.jpg	Junior
leaders1.jpg	Leaders1
lee-046.jpg	Lee
lt-and-co.jpg	LT And CO
lt-reina.jpg	LT Reina
lt-sonstein.jpg	LT Sonstein
ltc-chase-and-1sg-williams.jpg	LTC Chase & 1SG Williams
mechanics.jpg	Mechanics
motor-pool.jpg	Motor Pool
n70-pic.jpg	N70 Pic
n71-section-2.jpg	N71 Section
node.jpg	Node
pearl.jpg	Pearl
pfc-blomquist.jpg	PFC Blomquist
pfc-burrell.jpg	PFC Burrell
pfc-cobb-and-spc-denman.jpg	PFC Cobb & SPC Denman
pfc-cooper-bball-game.jpg	PFC Cooper@bball Game
pfc-james.jpg	PFC James
pfc-quizon-and-spc-dickey.jpg	PFC Quizon & SPC Dickey
pfc-ratekin.jpg	PFC Ratekin
pfc-rosa.jpg	PFC Rosa
pfc-saunches.jpg	PFC Saunches
pfc-scheible.jpg	PFC Scheible
pfc-siebert.jpg	PFC Siebert
pfc-swindle.jpg	PFC Swindle
pfc-turner.jpg	PFC Turner
picture-023.jpg	Picture
picture-050.jpg	Picture
picture-060.jpg	Picture
picture-133.jpg	Picture
picture-137.jpg	Picture
picture-191.jpg	Picture
picture-193.jpg	Picture
picture-195.jpg	Picture
picture-223.jpg	Picture
plt-sgts.jpg	Plt Sgts
pool-side.jpg	Pool Side
prayer.jpg	Prayer
push-ups.jpg	Push-ups
pv2-austin.jpg	PV2 Austin
sfc-martin-and-lt-sonstein.jpg	SFC Martin & LT Sonstein
sfc-martin-ssg-hanley.jpg	SFC Martin- SSG Hanley
sfc-martin-2.jpg	SFC Martin
sfc-martin.jpg	SFC Martin
sfc-mines-and-ssg-freeman.jpg	SFC Mines & SSG Freeman
sfc-mines.jpg	SFC Mines
sgt-caraway.jpg	SGT Caraway
sgt-carter.jpg	SGT Carter
sgt-delgado.jpg	SGT Delgado
sgt-grelle.jpg	SGT Grelle
sgt-mcgahan.jpg	SGT Mcgahan
sgt-outlaw.jpg	SGT Outlaw
sgt-patterson.jpg	SGT Patterson
sgt-prim.jpg	SGT Prim
sgt-tolman-and-spc-steinhilber.jpg	SGT Tolman & SPC Steinhilber
sgt-triplet.jpg	SGT Triplet
sgt-turner.jpg	SGT Turner
sgt-vanhoose.jpg	SGT Vanhoose
sgt-danford.jpg	Sgt. Danford
she-s-crazy.jpg	She's Crazy!
spc-anglin.jpg	SPC Anglin
spc-arquette-in-the-pool.jpg	SPC Arquette In The Pool
spc-arquette-re-up.jpg	SPC Arquette- Re Up
spc-batiste-2.jpg	SPC Batiste
spc-batiste.jpg	SPC Batiste
spc-bell-and-smurf.jpg	SPC Bell & Smurf
spc-bell.jpg	SPC Bell
spc-bellenbaum.jpg	SPC Bellenbaum
spc-chantea-in-dahuk.jpg	SPC Chantea In Dahuk
spc-chantea-2.jpg	SPC Chantea
spc-dickey.jpg	SPC Dickey
spc-flanagan.jpg	SPC Flanagan
spc-gilliam.jpg	SPC Gilliam
spc-larsson.jpg	SPC Larsson
spc-ledbetter-2.jpg	SPC Ledbetter
spc-ledbetter.jpg	SPC Ledbetter
spc-mccauley.jpg	SPC Mccauley
spc-newborn.jpg	SPC Newborn
spc-palacios.jpg	SPC Palacios
spc-rice.jpg	SPC Rice
spc-santiago-in-dahuk.jpg	SPC Santiago In Dahuk
spc-santiago.jpg	SPC Santiago
spc-shauman.jpg	SPC Shauman
spc-steinhilber.jpg	SPC Steinhilber
spc-vega-and-ssg-freeman.jpg	SPC Vega & SSG Freeman
spc-vega.jpg	SPC Vega
spc-watson-2.jpg	SPC Watson
spc-watson.jpg	SPC Watson
ssg-a-b-and-sgt-nelson.jpg	SSG A-b & SGT Nelson
ssg-avila-burns-and-sgt-hawkins.jpg	SSG Avila-burns & SGT Hawkins
ssg-connely.jpg	SSG Connely
ssg-freeman-and-sfc-martin.jpg	SSG Freeman & Fc Martin
ssg-freeman.jpg	SSG Freeman
ssg-hall-2.jpg	SSG Hall
ssg-hawkins.jpg	SSG Hawkins
ssg-irizarry.jpg	SSG Irizarry
ssg-rayl.jpg	SSG Rayl
ssg-smith-and-palacios.jpg	SSG Smith & Palacios
teamh70.jpg	Teamh70
the-guys-2.jpg	The Guys
tool-time-2.jpg	Tool Time
tool-time.jpg	Tool Time
ventura.jpg	Ventura
